timeOfDay,websiteCategory,sessionDuration,previousDistractions,focusScore,distractionRisk,source
1,7,16,8,70,high,real
3,7,16,1,94,low,real
3,7,0,0,60,low,real
3,7,0,0,60,low,real
3,7,0,0,60,low,real
3,7,0,0,60,low,real
3,7,9,1,78,medium,real
3,7,16,1,94,low,real
3,7,16,0,100,low,real
3,7,35,2,88,low,real
3,7,1,1,57,medium,real
3,7,698,1,94,low,real
0,7,4,16,41,high,real
1,7,18,0,100,low,real
1,7,7,2,48,high,real
1,7,0,0,60,low,real
2,7,15,1,86,low,real
3,7,0,0,60,low,real
3,7,0,0,60,low,real
3,7,0,0,60,low,real
0,7,20648,1,90,low,real
2,7,0,0,60,low,real
2,7,0,0,60,low,real
2,7,0,0,60,low,real
2,7,0,0,60,low,real
2,7,0,0,60,low,real
3,7,33,5,66,high,real
1,7,224,1,85,medium,real
0,7,25,3,78,medium,real
0,7,91,0,98,low,real
1,7,25,0,100,low,real
1,7,0,0,60,low,real
0,7,7766,0,98,low,real
1,7,43,0,100,low,real
2,7,25,1,65,high,real
0,7,28,4,76,medium,real
3,7,6,2,54,medium,real
3,7,9,0,74,low,real
2,7,0,0,60,low,real
3,7,10,1,64,low,real
3,7,25,1,94,low,real
3,7,25,1,94,low,real
0,7,25,4,54,high,real
2,3,103,7,25,high,synthetic
2,2,27,5,72,medium,synthetic
0,2,12,2,81,medium,synthetic
1,3,9,0,60,medium,synthetic
2,1,37,3,16,high,synthetic
1,7,20,1,11,medium,synthetic
2,7,37,7,26,high,synthetic
3,3,72,3,64,high,synthetic
3,3,68,3,19,high,synthetic
0,7,25,7,73,low,synthetic
1,1,77,9,39,high,synthetic
2,7,110,2,64,medium,synthetic
1,2,8,2,100,medium,synthetic
1,3,84,4,40,high,synthetic
1,2,42,7,30,high,synthetic
2,1,60,4,74,high,synthetic
3,7,57,1,66,medium,synthetic
1,6,102,8,14,high,synthetic
3,5,102,9,64,high,synthetic
1,6,22,4,11,high,synthetic
1,5,21,3,22,high,synthetic
3,1,82,5,50,high,synthetic
1,4,68,7,49,high,synthetic
2,0,100,0,43,high,synthetic
3,4,98,5,26,high,synthetic
3,0,51,3,35,high,synthetic
2,6,113,7,61,high,synthetic
2,4,117,10,79,high,synthetic
3,3,44,5,86,high,synthetic
1,2,78,8,77,high,synthetic
1,7,83,4,50,medium,synthetic
0,3,101,9,72,medium,synthetic
2,7,108,3,19,high,synthetic
2,3,73,1,81,medium,synthetic
0,7,72,9,41,medium,synthetic
0,6,63,1,17,medium,synthetic
3,1,21,6,71,high,synthetic
2,1,111,5,77,high,synthetic
3,2,105,5,26,high,synthetic
0,3,64,6,54,high,synthetic
2,6,56,5,32,high,synthetic
1,4,9,7,15,high,synthetic
1,4,60,4,62,medium,synthetic
2,7,37,6,92,medium,synthetic
1,6,19,7,64,high,synthetic
0,4,61,7,60,high,synthetic
3,7,99,1,18,high,synthetic
1,6,57,10,69,medium,synthetic
0,1,77,4,67,high,synthetic
3,2,73,9,52,high,synthetic
0,4,13,7,82,high,synthetic
3,1,83,7,61,high,synthetic
3,0,9,5,15,high,synthetic
2,5,10,6,63,high,synthetic
0,5,89,3,94,medium,synthetic
3,5,44,10,56,high,synthetic
3,0,80,6,99,high,synthetic
0,2,114,6,38,medium,synthetic
2,4,108,6,87,high,synthetic
0,0,87,4,39,medium,synthetic
2,1,87,2,35,high,synthetic
0,2,107,9,96,medium,synthetic
1,3,23,9,62,high,synthetic
2,7,66,7,57,high,synthetic
2,4,56,3,43,high,synthetic
1,4,89,6,47,high,synthetic
1,6,66,4,44,medium,synthetic
2,2,18,9,44,high,synthetic
2,7,27,9,29,high,synthetic
0,3,60,4,11,high,synthetic
2,6,118,9,90,high,synthetic
3,7,113,2,22,high,synthetic
2,6,6,9,30,high,synthetic
2,1,8,8,13,high,synthetic
1,0,79,5,64,high,synthetic
3,1,54,1,95,medium,synthetic
1,2,54,7,17,high,synthetic
3,1,58,7,46,high,synthetic
0,3,105,2,54,medium,synthetic
3,5,58,3,34,high,synthetic
1,0,97,0,76,medium,synthetic
3,5,82,5,43,high,synthetic
1,1,79,8,61,high,synthetic
1,0,75,0,21,high,synthetic
2,6,99,2,85,medium,synthetic
1,2,76,6,35,high,synthetic
3,6,14,9,75,high,synthetic
3,3,47,5,14,high,synthetic
0,7,38,3,100,low,synthetic
0,7,119,7,45,medium,synthetic
1,3,60,5,70,medium,synthetic
0,6,16,5,78,low,synthetic
3,3,32,6,60,high,synthetic
3,4,14,2,31,high,synthetic
3,3,104,10,74,high,synthetic
3,7,88,10,32,high,synthetic
3,5,99,10,83,high,synthetic
0,5,29,7,30,high,synthetic
3,7,44,3,91,medium,synthetic
3,5,98,9,73,high,synthetic
2,6,44,9,96,high,synthetic
1,6,12,0,66,medium,synthetic
0,1,33,10,91,high,synthetic
1,5,59,5,98,medium,synthetic
0,4,118,3,31,medium,synthetic
0,3,91,1,12,medium,synthetic
1,5,30,10,28,high,synthetic
2,2,61,2,43,high,synthetic
0,6,10,4,84,medium,synthetic
0,6,30,6,46,medium,synthetic
2,3,32,7,94,high,synthetic
0,7,87,5,59,medium,synthetic
3,7,90,0,57,medium,synthetic
3,6,75,0,94,medium,synthetic
3,2,25,1,54,high,synthetic
2,2,23,0,11,medium,synthetic
1,0,90,10,53,high,synthetic
0,0,27,8,75,medium,synthetic
0,3,114,4,16,high,synthetic
1,0,97,7,26,high,synthetic
0,5,112,4,95,medium,synthetic
2,7,93,4,13,high,synthetic
2,5,59,7,76,high,synthetic
3,4,27,4,24,high,synthetic
2,4,16,1,58,high,synthetic
1,2,37,3,19,high,synthetic
1,4,81,10,46,high,synthetic
3,6,63,2,37,high,synthetic
1,6,67,2,12,medium,synthetic
0,2,120,1,43,low,synthetic
1,5,29,9,57,high,synthetic
2,0,14,0,100,high,synthetic
1,2,85,5,41,high,synthetic
1,5,15,9,64,high,synthetic
2,0,119,9,56,high,synthetic
0,5,50,3,26,high,synthetic
1,6,113,5,93,medium,synthetic
3,4,69,3,18,high,synthetic
0,5,46,7,25,medium,synthetic
3,0,79,0,20,high,synthetic
2,7,82,7,44,high,synthetic
0,7,98,2,15,medium,synthetic
3,3,20,10,100,high,synthetic
3,1,83,7,70,high,synthetic
2,0,27,7,91,high,synthetic
2,0,19,2,85,high,synthetic
2,5,88,1,65,high,synthetic
1,0,61,4,75,high,synthetic
0,7,109,0,46,low,synthetic
2,2,109,3,34,high,synthetic
3,3,29,4,39,high,synthetic
2,7,66,7,84,high,synthetic
0,3,89,0,78,low,synthetic
3,7,35,8,13,high,synthetic
0,0,24,2,97,medium,synthetic
2,7,114,4,88,medium,synthetic
2,2,68,2,47,high,synthetic
2,4,16,2,21,high,synthetic
2,5,59,9,89,high,synthetic
1,3,82,5,35,medium,synthetic
0,7,43,2,62,low,synthetic
1,5,80,10,42,high,synthetic
1,2,70,7,30,high,synthetic
0,6,39,10,26,high,synthetic
1,7,8,7,65,high,synthetic
1,2,31,0,99,low,synthetic
2,1,100,9,53,high,synthetic
2,0,84,3,21,high,synthetic
2,7,115,6,29,high,synthetic
2,7,10,6,23,high,synthetic
1,3,116,10,78,high,synthetic
1,2,61,10,99,high,synthetic
3,4,108,4,30,high,synthetic
2,3,35,1,83,medium,synthetic
2,0,111,3,23,high,synthetic
2,5,75,1,52,high,synthetic
0,7,100,4,32,medium,synthetic
0,4,9,9,60,high,synthetic
2,3,51,0,54,high,synthetic
2,6,12,2,69,high,synthetic
1,1,118,0,67,high,synthetic
2,1,9,9,65,high,synthetic
0,0,31,1,76,low,synthetic
0,4,53,10,30,high,synthetic
0,7,11,3,64,medium,synthetic
0,7,6,7,82,high,synthetic
2,0,22,3,28,high,synthetic
1,6,57,8,80,medium,synthetic
0,1,101,3,65,medium,synthetic
2,6,56,6,59,high,synthetic
3,7,13,5,27,high,synthetic
1,5,113,9,68,high,synthetic
1,5,80,4,73,high,synthetic
2,7,66,3,62,high,synthetic
2,1,69,8,47,high,synthetic
0,5,74,4,11,high,synthetic
1,1,101,5,21,high,synthetic
0,3,96,0,96,low,synthetic
2,4,42,6,75,high,synthetic
2,7,76,10,18,high,synthetic
3,5,53,3,71,high,synthetic
3,4,92,7,19,high,synthetic
2,1,60,0,99,medium,synthetic
0,0,13,9,70,high,synthetic
2,1,19,2,36,high,synthetic
1,7,16,9,27,medium,synthetic
3,4,107,0,31,high,synthetic
3,2,26,7,57,high,synthetic
3,2,58,5,61,high,synthetic
3,7,74,1,31,medium,synthetic
0,0,88,4,69,medium,synthetic
0,7,70,1,77,low,synthetic
2,0,110,7,44,high,synthetic
0,5,57,5,25,high,synthetic
0,2,66,5,26,high,synthetic
3,4,24,4,38,high,synthetic
1,0,85,9,39,high,synthetic
2,6,47,10,37,high,synthetic
2,7,109,8,32,high,synthetic
1,3,27,4,36,high,synthetic
2,6,6,9,56,high,synthetic
2,2,72,10,52,high,synthetic
0,0,65,9,31,high,synthetic
1,1,31,7,92,high,synthetic
0,7,88,0,55,low,synthetic
1,3,119,0,27,high,synthetic
2,6,113,1,38,medium,synthetic
2,1,106,1,40,high,synthetic
0,5,42,8,84,high,synthetic
3,1,120,8,31,high,synthetic
1,6,95,10,58,high,synthetic
2,0,71,1,39,high,synthetic
2,0,8,0,82,high,synthetic
0,0,31,6,84,high,synthetic
2,5,65,8,99,high,synthetic
0,0,29,0,68,low,synthetic
2,3,83,10,43,high,synthetic
1,5,113,5,58,high,synthetic
3,5,39,10,66,high,synthetic
0,5,43,10,49,high,synthetic
0,6,46,7,31,high,synthetic
3,1,62,6,85,high,synthetic
3,0,28,3,53,high,synthetic
2,4,99,0,88,medium,synthetic
1,7,78,10,51,high,synthetic
0,4,91,4,97,medium,synthetic
0,4,63,9,65,high,synthetic
2,5,63,2,82,high,synthetic
1,3,35,8,64,high,synthetic
0,3,53,1,23,medium,synthetic
3,2,103,7,96,high,synthetic
1,3,103,10,15,high,synthetic
2,3,110,2,97,medium,synthetic
3,1,40,8,12,high,synthetic
0,0,90,8,98,high,synthetic
3,6,60,9,28,high,synthetic
0,2,77,10,87,high,synthetic
1,0,93,3,74,medium,synthetic
2,4,47,2,29,high,synthetic
3,1,33,4,81,high,synthetic
3,7,19,8,54,high,synthetic
3,4,112,9,48,high,synthetic
1,4,70,4,47,high,synthetic
3,1,117,10,75,high,synthetic
3,0,23,5,38,high,synthetic
3,1,59,0,14,high,synthetic
3,0,80,10,17,high,synthetic
2,2,97,0,93,medium,synthetic
1,3,66,2,37,medium,synthetic
2,3,101,8,25,high,synthetic
0,4,33,0,92,medium,synthetic
3,1,53,7,82,high,synthetic
3,4,48,6,65,high,synthetic
0,5,45,0,75,medium,synthetic
0,7,113,4,93,low,synthetic
2,6,86,3,15,high,synthetic
2,6,76,10,85,high,synthetic
2,0,77,2,25,high,synthetic
2,5,82,4,19,high,synthetic
3,5,111,8,16,high,synthetic
1,4,81,7,18,high,synthetic
3,4,79,7,34,high,synthetic
1,1,80,6,62,high,synthetic
3,7,73,5,35,high,synthetic
0,4,86,4,55,high,synthetic
1,2,55,0,53,medium,synthetic
3,3,114,10,44,high,synthetic
3,3,87,0,40,high,synthetic
0,6,107,9,32,high,synthetic
1,4,39,0,82,medium,synthetic
1,2,74,5,14,high,synthetic
1,7,60,2,24,medium,synthetic
3,2,102,7,37,high,synthetic
3,6,33,0,81,medium,synthetic
2,6,74,6,79,high,synthetic
2,3,24,5,35,high,synthetic
3,5,66,10,97,high,synthetic
3,2,13,1,41,high,synthetic
0,0,80,10,78,high,synthetic
2,3,56,10,55,high,synthetic
2,0,28,1,70,high,synthetic
3,4,72,5,61,high,synthetic
0,7,87,6,61,low,synthetic
1,1,32,3,72,medium,synthetic
1,1,11,2,19,high,synthetic
2,3,64,10,23,high,synthetic
0,6,49,1,28,low,synthetic
2,3,74,7,55,high,synthetic
0,4,38,9,40,high,synthetic
0,4,94,0,36,medium,synthetic
2,3,45,3,86,medium,synthetic
0,2,16,7,88,medium,synthetic
3,1,50,3,12,high,synthetic
1,4,41,1,23,high,synthetic
0,2,59,1,83,low,synthetic
2,7,105,7,23,high,synthetic
3,7,107,10,35,high,synthetic
1,1,37,9,27,high,synthetic
3,2,13,1,70,high,synthetic
1,3,23,4,65,medium,synthetic
1,4,76,10,92,high,synthetic
0,7,22,5,97,low,synthetic
0,1,27,5,49,high,synthetic
3,3,80,1,70,high,synthetic
0,4,22,8,94,medium,synthetic
1,4,72,6,26,high,synthetic
2,1,64,7,98,high,synthetic
0,4,53,1,90,low,synthetic
2,1,119,2,32,high,synthetic
3,7,120,0,75,medium,synthetic
0,2,16,3,67,medium,synthetic
1,3,27,5,49,high,synthetic
2,6,89,8,32,high,synthetic
1,1,82,4,15,high,synthetic
0,7,102,1,64,low,synthetic
0,3,63,5,64,medium,synthetic
1,1,78,6,45,high,synthetic
0,7,70,9,11,high,synthetic
0,0,119,9,15,high,synthetic
1,3,48,4,55,medium,synthetic
2,7,59,3,54,medium,synthetic
1,0,14,4,34,high,synthetic
0,2,95,10,21,high,synthetic
2,3,94,7,50,high,synthetic
1,4,23,7,85,high,synthetic
1,0,8,10,26,high,synthetic
0,3,88,9,97,medium,synthetic
2,5,42,2,64,high,synthetic
1,1,93,9,60,high,synthetic
2,7,105,6,29,high,synthetic
2,5,34,2,33,high,synthetic
2,4,54,3,30,high,synthetic
0,2,30,1,38,low,synthetic
0,3,18,0,62,low,synthetic
2,0,91,8,73,high,synthetic
2,3,8,10,72,high,synthetic
1,5,112,7,100,high,synthetic
0,7,29,8,30,medium,synthetic
1,6,101,4,24,medium,synthetic
2,0,29,3,93,high,synthetic
1,3,91,8,66,high,synthetic
3,7,62,10,29,high,synthetic
3,5,66,10,66,high,synthetic
0,6,63,4,31,medium,synthetic
2,4,118,0,96,medium,synthetic
3,7,63,0,66,medium,synthetic
0,2,113,2,11,high,synthetic
3,7,120,5,31,high,synthetic
1,0,118,6,18,high,synthetic
0,6,88,6,30,high,synthetic
1,7,44,1,77,low,synthetic
3,6,16,0,25,high,synthetic
1,2,64,7,33,high,synthetic
0,6,47,4,78,low,synthetic
1,1,118,0,16,high,synthetic
0,6,117,6,90,medium,synthetic
1,5,106,5,39,high,synthetic
1,4,49,9,21,high,synthetic
1,4,21,3,62,medium,synthetic
1,6,113,8,68,medium,synthetic
2,7,8,10,96,high,synthetic
2,0,39,10,52,high,synthetic
1,0,26,10,82,high,synthetic
3,2,34,7,36,high,synthetic
1,5,69,6,43,high,synthetic
1,0,104,6,21,high,synthetic
3,1,57,7,44,high,synthetic
1,6,34,8,55,medium,synthetic
0,4,38,4,76,medium,synthetic
0,0,104,10,88,high,synthetic
3,1,16,5,88,high,synthetic
3,0,31,3,97,high,synthetic
1,6,8,7,78,medium,synthetic
0,5,92,6,59,high,synthetic
3,7,15,3,17,high,synthetic
1,3,13,0,34,high,synthetic
1,7,59,1,91,low,synthetic
3,2,38,10,60,high,synthetic
3,7,105,7,45,high,synthetic
3,7,120,3,53,medium,synthetic
1,3,74,7,96,medium,synthetic
1,7,39,8,29,high,synthetic
0,6,5,3,35,medium,synthetic
2,2,22,0,81,medium,synthetic
0,4,98,6,93,high,synthetic
1,0,58,0,86,medium,synthetic
3,0,107,6,17,high,synthetic
0,4,97,5,48,high,synthetic
0,5,56,7,83,high,synthetic
0,4,52,4,11,high,synthetic
0,5,114,7,29,high,synthetic
3,1,5,6,15,high,synthetic
1,2,35,10,19,high,synthetic
0,5,77,0,58,medium,synthetic
2,2,39,6,61,high,synthetic
3,0,15,7,94,high,synthetic
0,0,18,9,47,high,synthetic
3,5,104,9,44,high,synthetic
3,6,22,6,17,medium,synthetic
1,0,29,7,49,high,synthetic
3,4,22,2,29,high,synthetic
0,3,34,10,97,medium,synthetic
3,0,49,9,71,high,synthetic
0,1,77,3,85,medium,synthetic
1,3,54,6,79,medium,synthetic
0,0,68,10,57,high,synthetic
1,1,55,8,24,high,synthetic
1,3,69,0,89,medium,synthetic
0,3,117,6,85,medium,synthetic
3,3,67,10,58,high,synthetic
1,6,91,4,96,medium,synthetic
0,4,71,1,40,high,synthetic
2,7,79,7,78,high,synthetic
2,5,116,3,66,high,synthetic
3,1,81,5,14,high,synthetic
1,7,106,5,100,medium,synthetic
2,0,79,6,37,high,synthetic
3,7,20,2,18,high,synthetic
3,1,63,1,20,high,synthetic
3,4,28,6,39,high,synthetic
3,6,14,8,38,high,synthetic
2,3,109,7,47,high,synthetic
0,1,13,8,78,high,synthetic
0,6,118,1,63,medium,synthetic
0,0,28,2,88,low,synthetic
1,7,49,9,43,medium,synthetic
2,4,38,10,21,high,synthetic
0,7,41,0,70,low,synthetic
3,1,10,5,69,high,synthetic
2,2,25,10,12,high,synthetic
2,7,81,6,61,high,synthetic
0,5,38,5,15,high,synthetic
2,1,10,3,98,high,synthetic
3,5,87,5,26,high,synthetic
2,1,61,9,27,high,synthetic
3,2,11,2,60,high,synthetic
1,6,71,0,98,low,synthetic
